title,employer,min_salary,max_salary,source,link
Data engineer,ОАО БПС-Сбербанк,-,-,https://hh.ru,https://hh.ru/vacancy/43958076
Data Engineer (Food Delivery sphere),ISsoft Solutions,-,-,https://hh.ru,https://hh.ru/vacancy/43947944
Разработка витрин в Облаке Данных(Data Engineer),Сбер для экспертов,-,-,https://hh.ru,https://hh.ru/vacancy/43542693
DevOps Engineer (Python),Qulix Systems,-,-,https://hh.ru,https://hh.ru/vacancy/43984097
DevOps Engineer (Infrastructure),Oxagile,-,-,https://hh.ru,https://hh.ru/vacancy/41779264
Аналитик данных (data analyst),ООО Финансово-правовой альянс,100 000 руб.,-,https://hh.ru,https://hh.ru/vacancy/41827452
Senior BI Engineer,Oxagile,-,-,https://hh.ru,https://hh.ru/vacancy/43993010
Python developer/Data Engineer,Unikoom,3 000 USD,4 000 USD,https://hh.ru,https://hh.ru/vacancy/43905874
Python Developer,УП Руна Системс,-,-,https://hh.ru,https://hh.ru/vacancy/43943274
Middle QA manual Engineer (Product Company),Profitero,-,-,https://hh.ru,https://hh.ru/vacancy/43989900
Senior DevOps Engineer,ООО IHS Global,-,-,https://hh.ru,https://hh.ru/vacancy/44000529
Senior DevOps Engineer,ООО IHS Global,-,-,https://hh.ru,https://hh.ru/vacancy/44000530
BI Data Analyst,APALON,-,-,https://hh.ru,https://hh.ru/vacancy/43888427
Cyber Security Engineer,УП Руна Системс,-,-,https://hh.ru,https://hh.ru/vacancy/43923652
Middle QA Automation Engineer,HiQo Solutions,-,-,https://hh.ru,https://hh.ru/vacancy/43958310
DevOps Engineer,ARLOID AUTOMATION PTE. LTD,-,220 000 руб.,https://hh.ru,https://hh.ru/vacancy/43805503
DevOps Engineer ‎(new mobile product)‎,"Wargaming, Moscow",-,-,https://hh.ru,https://hh.ru/vacancy/42381088
Senior Test Automation Engineer (Bioinformatics),Дженстек,-,-,https://hh.ru,https://hh.ru/vacancy/43880187
L2-L3 Technical Support Engineer,ООО РЕСИЛИО БЛР,-,-,https://hh.ru,https://hh.ru/vacancy/37157598
Data Engineer,ООО Айти-Солюшнс,250 000 руб.,-,https://hh.ru,https://hh.ru/vacancy/41469811
Junior Data Engineer,Платформа ОФД,100 000 руб.,150 000 руб.,https://hh.ru,https://hh.ru/vacancy/43907208
Data Scientist инженер (Middle/Senior),ООО Виго Лаб,150 000 руб.,300 000 руб.,https://hh.ru,https://hh.ru/vacancy/43852205
Data Scientist / Data Engineer,Баззула Интернет Технологии,150 000 руб.,-,https://hh.ru,https://hh.ru/vacancy/43357165
Middle/Senior Data Engineer,App in the Air,2 000 USD,-,https://hh.ru,https://hh.ru/vacancy/43841588
ML инженер/Data Scientist,Beltel,-,-,https://hh.ru,https://hh.ru/vacancy/43921120
Data processing engineer / Оператор по обработке данных,ООО ТДИ Энерджи Сервисес,40 000 руб.,50 000 руб.,https://hh.ru,https://hh.ru/vacancy/43997165
Data engineer (Big Data),Билайн,-,-,https://hh.ru,https://hh.ru/vacancy/42614429
Data Scientist / ML-engineer (NLP),ООО РЕ:ПОИНТ,-,-,https://hh.ru,https://hh.ru/vacancy/43981829
Data engineer,ДомКлик,-,-,https://hh.ru,https://hh.ru/vacancy/42840765
Junior Machine Learning Engineer,ООО ColoBridge GmbH,800 EUR,1 600 EUR,https://hh.ru,https://hh.ru/vacancy/43309409
Data Quality - стажер,"EPAM Systems, Inc.",-,-,https://hh.ru,https://hh.ru/vacancy/43982534
"Python Developer (USD Salary, Remote)",Gravitum,250 000 руб.,350 000 руб.,https://hh.ru,https://hh.ru/vacancy/43974138
Senior Data Engineer,ООО Globus.ai,1 500 USD,3 000 USD,https://hh.ru,https://hh.ru/vacancy/43835732
Data engineer / SQL-разработчик,Эквид,130 000 руб.,-,https://hh.ru,https://hh.ru/vacancy/41126997
Data Engineer,Платформа ОФД,-,200 000 руб.,https://hh.ru,https://hh.ru/vacancy/43455160
Data engineer (Big Data),Билайн: ИТ и Digital,-,-,https://hh.ru,https://hh.ru/vacancy/41846697
Senior Software Developer - Search (to Canada),Behavox,10 000 USD,-,https://hh.ru,https://hh.ru/vacancy/42856893
Senior Data Engineer / Ведущий инженер данных,ООО UMA.Tech,-,350 000 руб.,https://hh.ru,https://hh.ru/vacancy/39796470
Data Engineer,Level.Travel,-,-,https://hh.ru,https://hh.ru/vacancy/43767065
Data engineer,RU-CENTER Group,-,-,https://hh.ru,https://hh.ru/vacancy/43286490
C++/Data Engineering developer,Auriga,-,-,https://hh.ru,https://hh.ru/vacancy/43971480
C++/Data Engineering developer,Auriga,-,-,https://hh.ru,https://hh.ru/vacancy/43971482
Lead Java engineer - Trade Finance & Lending Data,Deutsche Bank Technology Center,300 000 руб.,-,https://hh.ru,https://hh.ru/vacancy/43853133
Senior Software Developer - Search (to Canada),Behavox,10 000 USD,-,https://hh.ru,https://hh.ru/vacancy/42856894
Data engineer,Цитрус,-,-,https://hh.ru,https://hh.ru/vacancy/43650402
Data Engineer - Sales Home,Deutsche Bank Technology Center,220 000 руб.,-,https://hh.ru,https://hh.ru/vacancy/43140339
C++/Data Engineering developer,Auriga,-,-,https://hh.ru,https://hh.ru/vacancy/43968918
C++/Data Engineering developer,Auriga,-,-,https://hh.ru,https://hh.ru/vacancy/43968963
Data Engineer (Python),Detego,-,-,https://hh.ru,https://hh.ru/vacancy/43850455
C++/Data Engineering developer,Auriga,-,-,https://hh.ru,https://hh.ru/vacancy/43971478
Senior Data Science,Remedy Logic,200 000 руб.,400 000 руб.,https://hh.ru,https://hh.ru/vacancy/43931129
Junior Software Developer - Big Data,Inca Digital,-,-,https://hh.ru,https://hh.ru/vacancy/43900397
Senior Backend Engineer (Product analytics),JetBrains,250 000 руб.,-,https://hh.ru,https://hh.ru/vacancy/43962622
Senior Data Engineer (AWS/Python),ООО ОнТаргет ЛАБС,3 000 USD,6 000 USD,https://hh.ru,https://hh.ru/vacancy/43360839
Senior Backend Engineer (Product analytics),JetBrains,250 000 руб.,-,https://hh.ru,https://hh.ru/vacancy/43962641
Data Engineer,Playkot,-,-,https://hh.ru,https://hh.ru/vacancy/43034113
Data Engineer,CyberHULL (ООО Киберкор),-,-,https://hh.ru,https://hh.ru/vacancy/43775904
Data Engineer (Cloud),NIX,-,-,https://hh.ru,https://hh.ru/vacancy/43689012
Python разработчик/Data Engineer,ООО ВБЦ,-,-,https://hh.ru,https://hh.ru/vacancy/43604533
Senior/Lead Big Data Engineer,DemandMatrix,300 000 руб.,-,https://hh.ru,https://hh.ru/vacancy/43038508
Enterprise Data Network Engineer,"Кселл, АО",-,-,https://hh.ru,https://hh.ru/vacancy/43981386
Data Scientist,Plarium,-,-,https://hh.ru,https://hh.ru/vacancy/43229766
Senior Data Engineer,Tango Me,4 500 USD,-,https://hh.ru,https://hh.ru/vacancy/41852020
Data Engineer,SoftTeco,-,-,https://hh.ru,https://hh.ru/vacancy/43955219
Data analyst,"МХП, агроіндустріальний холдинг",-,-,https://hh.ru,https://hh.ru/vacancy/43566593
Data Engineer,Finstar Financial Group,-,-,https://hh.ru,https://hh.ru/vacancy/43760429
Senior Data Engineer (AWS/Python),ООО ОнТаргет ЛАБС,3 000 USD,6 000 USD,https://hh.ru,https://hh.ru/vacancy/43360838
Business Data Analyst,WorkFusion,-,-,https://hh.ru,https://hh.ru/vacancy/43951166
Data Engineer (Lead),Сбер для экспертов,-,-,https://hh.ru,https://hh.ru/vacancy/44003959
Data Scientist,Метинвест Диджитал,-,-,https://hh.ru,https://hh.ru/vacancy/43924517
Principal Software Engineer,Fivetran,6 500 USD,-,https://hh.ru,https://hh.ru/vacancy/43349498
Старший инженер в области машинного обучения (Senior Data Scientist),ООО Компания Стрим Лабс,-,-,https://hh.ru,https://hh.ru/vacancy/43959754
Data engineer - Trade Finance,Deutsche Bank Technology Center,220 000 руб.,-,https://hh.ru,https://hh.ru/vacancy/42208370
PHP Developer / Data engineer,Badoo,-,-,https://hh.ru,https://hh.ru/vacancy/42588160
Data Engineer (мониторинг моделей Big data),Банк ВТБ (ПАО),-,-,https://hh.ru,https://hh.ru/vacancy/40185369
Data Analyst,WOW TEL SAC,-,-,https://hh.ru,https://hh.ru/vacancy/43814309
Data Engineer,4people,-,-,https://hh.ru,https://hh.ru/vacancy/43571744
Data Engineer / Golang Developer,ООО ДДОС ГВАРД,-,-,https://hh.ru,https://hh.ru/vacancy/42833578
Data engineer (платформа больших данных),Сбер для экспертов,-,-,https://hh.ru,https://hh.ru/vacancy/43957573
Data Engineer (Python),Provectus,-,-,https://hh.ru,https://hh.ru/vacancy/43389494
Data Scientist,WorldQuant,-,-,https://hh.ru,https://hh.ru/vacancy/41182061
Senior Data engineer,ДТЭК,-,-,https://hh.ru,https://hh.ru/vacancy/43588411
Middle/Senior Data Analyst (Dispatch),Ситимобил,160 000 руб.,-,https://hh.ru,https://hh.ru/vacancy/43939640
BI Engineer (Tableau),inDriver,-,-,https://hh.ru,https://hh.ru/vacancy/38763777
"Java Intern Software Engineer, PowerStore, Virtualization","Dell Technologies, Центр Разработок",-,-,https://hh.ru,https://hh.ru/vacancy/41712910
Инженер по эксплуатации DEVOPS (Data),Билайн,-,-,https://hh.ru,https://hh.ru/vacancy/43992420
ETL разработчик /Data Engineer (Удаленно),"«РОСБАНК, Societe Generale Group», с опытом работы",-,-,https://hh.ru,https://hh.ru/vacancy/41434273
Инженер сопровождения (Support engineer),True Engineering,-,-,https://hh.ru,https://hh.ru/vacancy/41734774
Data Engineer,Provectus,-,-,https://hh.ru,https://hh.ru/vacancy/43907730
Software Engineer (С++/C#),General Arcade,70 000 руб.,150 000 руб.,https://hh.ru,https://hh.ru/vacancy/43211708
Middle Data Engineer,QIWI,-,-,https://hh.ru,https://hh.ru/vacancy/43845602
Data Engineer,21vek.by,-,-,https://hh.ru,https://hh.ru/vacancy/43959818
Data Engineer (Sberbank Process Mining),Сбер. IT,-,-,https://hh.ru,https://hh.ru/vacancy/43881392
Data Engineer,Playkot,-,-,https://hh.ru,https://hh.ru/vacancy/43034067
DevOps Engineer 3 - Dev Infra (Canada),Behavox,8 000 USD,-,https://hh.ru,https://hh.ru/vacancy/42568106
Data Engineer,Space307,-,-,https://hh.ru,https://hh.ru/vacancy/43423465
"Data Engineer (GameDev, Remote)",Beresnev Games,-,-,https://hh.ru,https://hh.ru/vacancy/43842179
Data Integration Engineer,"Wargaming, Minsk (Game Stream)",-,-,https://hh.ru,https://hh.ru/vacancy/41505600
Data Integration Engineer,"Wargaming, Minsk (Game Stream)",-,-,https://hh.ru,https://hh.ru/vacancy/41505603
Data Engineer,Provectus,-,-,https://hh.ru,https://hh.ru/vacancy/43907728
Senior Java Software Engineer  to Canada,Behavox,8 000 USD,-,https://hh.ru,https://hh.ru/vacancy/43405133
Data Engineer,Kolesa Group,600 000 KZT,-,https://hh.ru,https://hh.ru/vacancy/43913268
"Senior BigData Engineer, Financial Software Solutions",DataArt,-,-,https://hh.ru,https://hh.ru/vacancy/43999987
DevOps Engineer платформы данных (Big Data),"FOZZY GROUP, Корпорация",-,-,https://hh.ru,https://hh.ru/vacancy/43526343
Data Engineer/Support Engineer,Сбер для экспертов,-,-,https://hh.ru,https://hh.ru/vacancy/43337822
DevOps Engineer 3 - Dev Infra (to Canada),Behavox,8 000 USD,-,https://hh.ru,https://hh.ru/vacancy/42568105
Data Integration Engineer,"Wargaming, Minsk (Game Stream)",-,-,https://hh.ru,https://hh.ru/vacancy/41505602
Data Scientist (ЦК КХД),АО ДОМ.РФ,-,-,https://hh.ru,https://hh.ru/vacancy/43200169
Data Scientist (Amber Team),Semrush,180 000 руб.,-,https://hh.ru,https://hh.ru/vacancy/43923465
Data-инженер,Сбер. IT,-,-,https://hh.ru,https://hh.ru/vacancy/43000232
Data Engineer (Product Analytics Platform),JetBrains,250 000 руб.,-,https://hh.ru,https://hh.ru/vacancy/43924362
Data Engineer (Python Developer),Provectus,-,-,https://hh.ru,https://hh.ru/vacancy/43907236
Data Engineer (Product Analytics Platform),JetBrains,250 000 руб.,-,https://hh.ru,https://hh.ru/vacancy/43924451
Data Engineer,Метинвест Диджитал,-,-,https://hh.ru,https://hh.ru/vacancy/43924662
Big Data Engineer,ООО Accenture,-,-,https://hh.ru,https://hh.ru/vacancy/37702433
DevOps engineer (AWS),"Flow Health, Inc",3 500 USD,-,https://hh.ru,https://hh.ru/vacancy/43997870
Data Engineer (Middle),ООО РАБЛЗ,-,350 000 руб.,https://hh.ru,https://hh.ru/vacancy/42493119
DevOps инженер (Big Data),"ПАО «МТС», IT",-,-,https://hh.ru,https://hh.ru/vacancy/43128569
Senior Data Engineer / ETL Developer,GlowByte Consulting,-,-,https://hh.ru,https://hh.ru/vacancy/43994615
Senior DevOps Engineer - Automation (to Canada),Behavox,10 000 USD,-,https://hh.ru,https://hh.ru/vacancy/42678590
Senior Web Analyst / Data Analyst / Data Scientist,ООО Гуру сервис,100 000 руб.,-,https://hh.ru,https://hh.ru/vacancy/43461773
Business Intelligence Engineer,i4 Insight,-,-,https://hh.ru,https://hh.ru/vacancy/43877861
Data Management Engineer,ТОО Ренко-КАТ,500 000 KZT,-,https://hh.ru,https://hh.ru/vacancy/43580319
Data Integration Engineer,"Wargaming, Minsk (Game Stream)",-,-,https://hh.ru,https://hh.ru/vacancy/41557398
Руководитель группы Data инженеров (Chief Data Engineer),"Лента, федеральная розничная сеть, IT ",-,-,https://hh.ru,https://hh.ru/vacancy/43537937
Data Engineer,Газпромбанк,-,-,https://hh.ru,https://hh.ru/vacancy/39191138
Sr Manager Data Science,Align Technology,-,-,https://hh.ru,https://hh.ru/vacancy/42577986
Data Engineer,Сбер для экспертов,-,-,https://hh.ru,https://hh.ru/vacancy/43926970
Data Engineer,RB,-,-,https://hh.ru,https://hh.ru/vacancy/42773461
"Senior Big Data Engineer, Financial Software Solutions",DataArt,-,-,https://hh.ru,https://hh.ru/vacancy/41833818
Senior Data Engineer в BI Team,ООО ЭдСервер,-,-,https://hh.ru,https://hh.ru/vacancy/43736102
Build Engineer/DevOps (Azure Pipelines),ООО ОнТаргет ЛАБС,4 500 USD,6 000 USD,https://hh.ru,https://hh.ru/vacancy/43444466
Data Engineer (Python Developer),Provectus,-,-,https://hh.ru,https://hh.ru/vacancy/43907237
Support Engineer,ООО HazelTree,1 200 USD,-,https://hh.ru,https://hh.ru/vacancy/43895528
Data Engineer,Сеть магазинов цифровой и бытовой техники DNS,-,130 000 руб.,https://hh.ru,https://hh.ru/vacancy/42680077
Аналитик данных/Data analyst,ООО Фотострана,-,-,https://hh.ru,https://hh.ru/vacancy/43289151
ML Engineer,Профи (profi.ru),-,-,https://hh.ru,https://hh.ru/vacancy/43684352
Data Engineer (Hadoop),Сбер для экспертов,-,-,https://hh.ru,https://hh.ru/vacancy/43878932
Data engineer,Сбер. IT,-,-,https://hh.ru,https://hh.ru/vacancy/39888796
Build Engineer/DevOps (Azure Pipelines),ООО ОнТаргет ЛАБС,4 500 USD,6 000 USD,https://hh.ru,https://hh.ru/vacancy/43444482
Big Data Инженер,ООО Кузница Кадров,-,-,https://hh.ru,https://hh.ru/vacancy/43908122
"Senior Big Data Engineer, Financial Software Solutions",DataArt,-,-,https://hh.ru,https://hh.ru/vacancy/41833824
System/ Business Analyst (Remote),Spark Equation,130 000 руб.,200 000 руб.,https://hh.ru,https://hh.ru/vacancy/42800283
Data Engineer (Hadoop),Сбер. IT,-,-,https://hh.ru,https://hh.ru/vacancy/43414102
Data инженер,Сбер. IT,-,-,https://hh.ru,https://hh.ru/vacancy/41512086
Devops engineer,Билайн: ИТ и Digital,-,-,https://hh.ru,https://hh.ru/vacancy/43557084
Senior Data Engineer в BI Team,ООО ЭдСервер,-,-,https://hh.ru,https://hh.ru/vacancy/41038879
Data Engineer,ООО Рэд Рок / Verv,-,-,https://hh.ru,https://hh.ru/vacancy/43921107
Data engineer (Управление противодействия кибермошенничеству),Сбер для экспертов,-,-,https://hh.ru,https://hh.ru/vacancy/43944017
BI Engineer,NIX,-,-,https://hh.ru,https://hh.ru/vacancy/43468976
Senior Data Engineer,ООО Изибрэйн,-,-,https://hh.ru,https://hh.ru/vacancy/42203655
Старший инженер в области машинного обучения (Senior Data Scientist),ООО Компания Стрим Лабс,-,-,https://hh.ru,https://hh.ru/vacancy/43959754
Data-инженер,Сбер. IT,-,-,https://hh.ru,https://hh.ru/vacancy/43000232
Data Integration Engineer,"Wargaming, Minsk (Game Stream)",-,-,https://hh.ru,https://hh.ru/vacancy/41557398
ML Engineer,Профи (profi.ru),-,-,https://hh.ru,https://hh.ru/vacancy/43684352
BI Engineer,NIX,-,-,https://hh.ru,https://hh.ru/vacancy/43468976
DevOps Engineer 3 - Dev Infra (Canada),Behavox,8 000 USD,-,https://hh.ru,https://hh.ru/vacancy/42568106
Аналитик данных / QA-инженер (Junior),ЗАО КонсультантПлюс,-,-,https://hh.ru,https://hh.ru/vacancy/43729314
Senior Data Engineer (Limassol),Easybrain,-,-,https://hh.ru,https://hh.ru/vacancy/43589806
Devops engineer,Билайн: ИТ и Digital,-,-,https://hh.ru,https://hh.ru/vacancy/43557084
Data Engineer,RB,-,-,https://hh.ru,https://hh.ru/vacancy/42773461
Аналитик данных/Data analyst,ООО Фотострана,-,-,https://hh.ru,https://hh.ru/vacancy/43289151
"Senior BigData Engineer, Financial Software Solutions",DataArt,-,-,https://hh.ru,https://hh.ru/vacancy/43999987
Senior Data Engineer (GameDev),AppQuantum,-,-,https://hh.ru,https://hh.ru/vacancy/42231361
Middle/Senior Data Analyst (Dispatch),Ситимобил,160 000 руб.,-,https://hh.ru,https://hh.ru/vacancy/43939640
Data Management Engineer,ТОО Ренко-КАТ,-,-,https://hh.ru,https://hh.ru/vacancy/43658932
QA Automation Engineer (Python) - Disaster Management,ООО Контурные карты,1 500 USD,3 000 USD,https://hh.ru,https://hh.ru/vacancy/43193072
Data engineer,Сбер. IT,-,-,https://hh.ru,https://hh.ru/vacancy/39888796
Data Scientist (ЦК КХД),АО ДОМ.РФ,-,-,https://hh.ru,https://hh.ru/vacancy/43200169
System/ Business Analyst (Remote),Spark Equation,130 000 руб.,200 000 руб.,https://hh.ru,https://hh.ru/vacancy/42800283
Инженер данных / Data engineer / ETL специалист,ООО Ресурс Групп,-,-,https://hh.ru,https://hh.ru/vacancy/43910499
Junior Big Data Software Engineer (Scala),DataArt,-,-,https://hh.ru,https://hh.ru/vacancy/43267211
DevOps инженер (Big Data),"ПАО «МТС», IT",-,-,https://hh.ru,https://hh.ru/vacancy/43128569
Data Engineer (Analytics Core),Skyeng,-,-,https://hh.ru,https://hh.ru/vacancy/42543742
Sr Manager Data Science,Align Technology,-,-,https://hh.ru,https://hh.ru/vacancy/42577986
Архитектор баз данных/Data Engineer,ПАО Банк Санкт-Петербург,-,-,https://hh.ru,https://hh.ru/vacancy/42746402
Data Scientist,Метинвест Диджитал,-,-,https://hh.ru,https://hh.ru/vacancy/43924517
Senior Data Engineer в BI Team,ООО ЭдСервер,-,-,https://hh.ru,https://hh.ru/vacancy/43736102
Data Scientist на направление персонализации сервисов,СберМаркет,-,-,https://hh.ru,https://hh.ru/vacancy/43184775
"Senior Data Engineer, Transport Booking System",DataArt,-,-,https://hh.ru,https://hh.ru/vacancy/42615072
Data Engineer,Playkot,-,-,https://hh.ru,https://hh.ru/vacancy/43034067
Data Architect,Райффайзен Банк Аваль,-,-,https://hh.ru,https://hh.ru/vacancy/43700589
Data Engineer,Game Insight,-,-,https://hh.ru,https://hh.ru/vacancy/39408997
Data engineer,ТОО Bureau for Continuing Professional Development Ltd.,-,-,https://hh.ru,https://hh.ru/vacancy/43902160
Senior Java Software Engineer  to Canada,Behavox,8 000 USD,-,https://hh.ru,https://hh.ru/vacancy/43405133
Data Engineer,Сбер для экспертов,-,-,https://hh.ru,https://hh.ru/vacancy/43926970
Data инженер (Middle\Senior),COMPAREX,150 000 руб.,250 000 руб.,https://hh.ru,https://hh.ru/vacancy/42713756
Data Engineer (Sberbank Process Mining),Сбер. IT,-,-,https://hh.ru,https://hh.ru/vacancy/43881392
Data Engineer (Junior+),Kelly Services,120 000 руб.,-,https://hh.ru,https://hh.ru/vacancy/43895508
Senior DevOps Engineer - Automation (to Canada),Behavox,10 000 USD,-,https://hh.ru,https://hh.ru/vacancy/42678591
"Data Engineer with AWS Experience, Fintech Solutions",DataArt,-,-,https://hh.ru,https://hh.ru/vacancy/43956703
QA Automation Engineer (Python),"Dell Technologies, Центр Разработок",-,-,https://hh.ru,https://hh.ru/vacancy/43768652
Data Engineer,Star,-,-,https://hh.ru,https://hh.ru/vacancy/42761753
Инженер сопровождения (Support engineer),True Engineering,-,-,https://hh.ru,https://hh.ru/vacancy/41734774
GCP Data Engineer (удаленно),"Петрович, Строительный Торговый Дом",-,-,https://hh.ru,https://hh.ru/vacancy/43932955
Data Support Engineer (Geoscience),ТОО Ренко-КАТ,-,-,https://hh.ru,https://hh.ru/vacancy/43762166
Middle/Senior Data Analyst (Client Incentives),Ситимобил,180 000 руб.,-,https://hh.ru,https://hh.ru/vacancy/43929193
Data Engineer (Гео-аналитика),"ПАО «МТС», IT",-,-,https://hh.ru,https://hh.ru/vacancy/43919750
Machine learning engineer,Сбер для экспертов,-,-,https://hh.ru,https://hh.ru/vacancy/43927479
"Senior Big Data Engineer, Financial Software Solutions",DataArt,-,-,https://hh.ru,https://hh.ru/vacancy/41833818
Spark Data Engineer,Неофлекс,-,-,https://hh.ru,https://hh.ru/vacancy/42514482
Senior Data Engineer в BI Team,ООО ЭдСервер,-,-,https://hh.ru,https://hh.ru/vacancy/43269754
Senior Big Data Engineer with Scala and Spark,Grid Dynamics,-,-,https://hh.ru,https://hh.ru/vacancy/42359310
Инженер баз данных/ETL-разработчик,ИП Deloitte & Touche,-,-,https://hh.ru,https://hh.ru/vacancy/43415828
NOC Engineer,Provectus,-,-,https://hh.ru,https://hh.ru/vacancy/43907415
BI Analyst,Tango Me,-,-,https://hh.ru,https://hh.ru/vacancy/42042080
Data-инженер хранилищ данных,Московский метрополитен,-,-,https://hh.ru,https://hh.ru/vacancy/43915739
Deep Learning Engineer (SberDevices),Сбер. IT,-,-,https://hh.ru,https://hh.ru/vacancy/43926472
Data-engineer,ООО Эвотор,-,-,https://hh.ru,https://hh.ru/vacancy/43086259
Middle/Senior data engineer,Skyeng,-,-,https://hh.ru,https://hh.ru/vacancy/41778514
NOC Engineer,Provectus,-,-,https://hh.ru,https://hh.ru/vacancy/43907414
Инженер данных / Data engineer / ETL специалист,ООО Ресурс Групп,-,-,https://hh.ru,https://hh.ru/vacancy/43910499
Senior DevOps Engineer,Provectus,-,-,https://hh.ru,https://hh.ru/vacancy/43893621
Senior DWH Engineer,Quantori,-,-,https://hh.ru,https://hh.ru/vacancy/43951172
Software Engineer (.NET),ООО Эргалио,-,-,https://hh.ru,https://hh.ru/vacancy/42476460
Data engineer,ТОО Bureau for Continuing Professional Development Ltd.,-,-,https://hh.ru,https://hh.ru/vacancy/43902160
Junior Big Data Software Engineer (Scala),DataArt,-,-,https://hh.ru,https://hh.ru/vacancy/43267196
"Principal Performance Engineer, ECS/ObjectScale","Dell Technologies, Центр Разработок",-,-,https://hh.ru,https://hh.ru/vacancy/43810625
Junior Big Data Software Engineer (Python),DataArt,-,-,https://hh.ru,https://hh.ru/vacancy/43267287
Senior Machine Learning Engineer,Grid Dynamics,-,-,https://hh.ru,https://hh.ru/vacancy/42359317
Data Support Engineer (Geoscience),ТОО Ренко-КАТ,-,-,https://hh.ru,https://hh.ru/vacancy/43762166
"Data Engineer with AWS Experience, Fintech Solutions",DataArt,-,-,https://hh.ru,https://hh.ru/vacancy/43956703
NOC Engineer,Provectus,-,-,https://hh.ru,https://hh.ru/vacancy/43907413
Machine Learning Engineer,True Engineering,-,-,https://hh.ru,https://hh.ru/vacancy/41716643
Data Scientist / Machine Learning engineer,First Line Software,-,-,https://hh.ru,https://hh.ru/vacancy/43892261
Data engineer,SOLOPHARM,-,-,https://hh.ru,https://hh.ru/vacancy/43910219
Senior C++ Engineer (Multithreading),Itiviti (Айтивити),150 000 руб.,-,https://hh.ru,https://hh.ru/vacancy/42142862
BI Analyst,ООО Карренси Ком Бел,-,-,https://hh.ru,https://hh.ru/vacancy/43216152
Data Engineer with AWS Experience (Fintech Solutions),DataArt,-,-,https://hh.ru,https://hh.ru/vacancy/43940800
Solution Engineer,Data Virtuality GmbH,-,-,https://hh.ru,https://hh.ru/vacancy/42715601
Data Scientist / Senior Data Scientist/ Lead Data Scientist,McKinsey & Company,-,-,https://hh.ru,https://hh.ru/vacancy/41289648
NOC Engineer,Provectus,-,-,https://hh.ru,https://hh.ru/vacancy/43907417
Senior IT System Analyst,Райффайзен Банк Аваль,-,-,https://hh.ru,https://hh.ru/vacancy/43246795
ML Engineer,SberTech,-,-,https://hh.ru,https://hh.ru/vacancy/43904009
Архитектор баз данных/Data Engineer,ПАО Банк Санкт-Петербург,-,-,https://hh.ru,https://hh.ru/vacancy/42746402
ML инженер (Python разработчик / Data scientist),Imprice,90 000 руб.,200 000 руб.,https://hh.ru,https://hh.ru/vacancy/43850921
Senior Application support engineer (Linux),Инфопульс,-,-,https://hh.ru,https://hh.ru/vacancy/43881758
Data Engineer (ДКК 360),Сбер для экспертов,-,-,https://hh.ru,https://hh.ru/vacancy/43490073
Data Integration Engineer,"ТОО Epam Kazakhstan (Эпам Казахстан),ТОО",-,-,https://hh.ru,https://hh.ru/vacancy/43919067
ETL Engineer,Самокат (ООО Умный ритейл),-,-,https://hh.ru,https://hh.ru/vacancy/43893969
Strong middle Python Developer / Data Engineer (PySpark),NIX,-,-,https://hh.ru,https://hh.ru/vacancy/43732472
ETL Engineer,Самокат (ООО Умный ритейл),-,-,https://hh.ru,https://hh.ru/vacancy/43893974
"Data Engineer, Online Marketplace",DataArt,-,-,https://hh.ru,https://hh.ru/vacancy/43956657
Data Warehouse Engineer,ООО АЛИБАБА.КОМ (РУ),-,-,https://hh.ru,https://hh.ru/vacancy/42457047
DevOps Engineer (Data),Леруа Мерлен. Центральный офис,-,-,https://hh.ru,https://hh.ru/vacancy/43928834
Data engineer (ЕИСЖС),АО ДОМ.РФ,-,-,https://hh.ru,https://hh.ru/vacancy/43451190
Data Engineer,Playrix,-,-,https://hh.ru,https://hh.ru/vacancy/43278409
Databank Support Engineer,3Shape Ukraine,-,-,https://hh.ru,https://hh.ru/vacancy/43546705
DevOps Engineer ‎(10010511)‎,"Wargaming, Moscow",-,-,https://hh.ru,https://hh.ru/vacancy/43995305
Python Developer / Data Engineer,Finery Technology,-,-,https://hh.ru,https://hh.ru/vacancy/43912859
ML engineer/Layer (SberDevices),Сбер. IT,-,-,https://hh.ru,https://hh.ru/vacancy/43927808
Data engineer,"ПАО МегаФон, IT",-,-,https://hh.ru,https://hh.ru/vacancy/43872704
Аналитик данных (Big data),Банк ВТБ (ПАО),-,-,https://hh.ru,https://hh.ru/vacancy/37312721
Software Engineer,Xored,-,-,https://hh.ru,https://hh.ru/vacancy/26300111
Python Developer / Data Engineer,Finery Technology,-,-,https://hh.ru,https://hh.ru/vacancy/43912860
Data Engineer,Playrix,-,-,https://hh.ru,https://hh.ru/vacancy/43278405
Data Engineer,Playrix,-,-,https://hh.ru,https://hh.ru/vacancy/43278421
DevOps Engineer,Provectus,-,-,https://hh.ru,https://hh.ru/vacancy/43908189
Linux Technical Support Engineer for CloudLinuxOS,Cloud Linux,-,-,https://hh.ru,https://hh.ru/vacancy/43807491
Data Management Engineer,ТОО Ренко-КАТ,-,-,https://hh.ru,https://hh.ru/vacancy/43658932
Data Engineer,Playrix,-,-,https://hh.ru,https://hh.ru/vacancy/43278396
Data analyst (Python),Сбер для экспертов,-,-,https://hh.ru,https://hh.ru/vacancy/42725363
Data Engineer,Playgendary,-,-,https://hh.ru,https://hh.ru/vacancy/41612190
Data Engineer (Team Lead),ООО РАБЛЗ,350 000 руб.,-,https://hh.ru,https://hh.ru/vacancy/42777503
"Data Platform Engineer, Online Retailer",DataArt,-,-,https://hh.ru,https://hh.ru/vacancy/43746480
"Data Platform Engineer with PostgreSQL Skills, Online Retailer",DataArt,-,-,https://hh.ru,https://hh.ru/vacancy/42614644
Data Engineer,Playrix,-,-,https://hh.ru,https://hh.ru/vacancy/41279408
Data Engineer,Playrix,-,-,https://hh.ru,https://hh.ru/vacancy/42196978
Data Engineer,Playrix,-,-,https://hh.ru,https://hh.ru/vacancy/42197304
Data analyst (ДКК 360),Сбер для экспертов,-,-,https://hh.ru,https://hh.ru/vacancy/43490017
Lead Python developer/Data Engineer,IT_Selection,6 000 USD,8 000 USD,https://hh.ru,https://hh.ru/vacancy/43128938
Data Engineer,Playrix,-,-,https://hh.ru,https://hh.ru/vacancy/42197254
Data engineer,СберЗвук,-,-,https://hh.ru,https://hh.ru/vacancy/38275082
Data Engineer,Playrix,-,-,https://hh.ru,https://hh.ru/vacancy/43278341
Data Engineer,Playrix,-,-,https://hh.ru,https://hh.ru/vacancy/43278287
Data Engineer,Playrix,-,-,https://hh.ru,https://hh.ru/vacancy/43278400
Інженер даних,"МХП, агроіндустріальний холдинг",-,-,https://hh.ru,https://hh.ru/vacancy/43326442
Data Integration Engineer,"ТОО Epam Kazakhstan (Эпам Казахстан),ТОО",-,-,https://hh.ru,https://hh.ru/vacancy/43919065
Data Engineer,Playrix,-,-,https://hh.ru,https://hh.ru/vacancy/43278416
Data engineer (ISAP),Сбер для экспертов,-,-,https://hh.ru,https://hh.ru/vacancy/42982850
Senior/Lead Big Data Engineer,DemandMatrix,300 000 руб.,-,https://hh.ru,https://hh.ru/vacancy/43880088
Lead Python developer/Data Engineer,IT_Selection,6 000 USD,8 000 USD,https://hh.ru,https://hh.ru/vacancy/43128939
Data Scientist (middle or senior),ООО РАБЛЗ,-,500 000 руб.,https://hh.ru,https://hh.ru/vacancy/42956307
Data Engineer,СберЗдоровье,-,-,https://hh.ru,https://hh.ru/vacancy/43855888
Data Engineer,Playgendary,-,-,https://hh.ru,https://hh.ru/vacancy/41612191
Data Engineer,Playrix,-,-,https://hh.ru,https://hh.ru/vacancy/43278414
Data engineer,Devim,-,-,https://hh.ru,https://hh.ru/vacancy/43889476
Senior Data Scientist (Recommender Systems),Grid Dynamics,-,-,https://hh.ru,https://hh.ru/vacancy/43875018
DevOps Engineer,Provectus,-,-,https://hh.ru,https://hh.ru/vacancy/43908190
DevOps Engineer,Provectus,-,-,https://hh.ru,https://hh.ru/vacancy/43908191
Data Engineer,СберЗдоровье,-,-,https://hh.ru,https://hh.ru/vacancy/43855889
Data Integration Engineer,"ТОО Epam Kazakhstan (Эпам Казахстан),ТОО",-,-,https://hh.ru,https://hh.ru/vacancy/43919066
Senior DevOps Engineer,Provectus,-,-,https://hh.ru,https://hh.ru/vacancy/43893582
Senior DevOps Engineer,Provectus,-,-,https://hh.ru,https://hh.ru/vacancy/43893583
Data Engineer (Junior+),Kelly Services,120 000 руб.,-,https://hh.ru,https://hh.ru/vacancy/43895508
Data Scientist / ML-engineer (NLP),Just AI,-,-,https://hh.ru,https://hh.ru/vacancy/37085138
Data Engineer (Middle/Senior),Сбер для экспертов,-,-,https://hh.ru,https://hh.ru/vacancy/43123804
Senior DevOps Engineer,Provectus,-,-,https://hh.ru,https://hh.ru/vacancy/43893581
Senior DevOps Engineer,Provectus,-,-,https://hh.ru,https://hh.ru/vacancy/43893584
Data Analyst / Engineer (Big data),Банк ВТБ (ПАО),-,-,https://hh.ru,https://hh.ru/vacancy/43220980
